empid,name,email,projects,customers,personal_well_being,prof_well_being,prof_concerns,interests
1043,jessica lee,jlee@example.com,[project p project q project r],[customer m customer n customer o],jessica is a compassionate and empathetic person who always puts others before herself. she enjoys spending time with her loved ones and is always there to support them. she also loves to paint and express herself through art.,jessica is a highly dedicated and efficient employee who takes pride in her work. she has a good rapport with her colleagues and is well-respected by her superiors. she is also always willing to take on new responsibilities and challenges.,jessica is concerned about the lack of diversity and inclusivity within the company and hopes to see more efforts being made in this area. she is also worried about the lack of opportunities for growth and development.,jessica enjoys reading and is always on the lookout for new books to add to her collection. she also loves spending time in nature and going on long hikes. she also has an interest in sustainable living and is constantly learning new ways to live a more environmentally-friendly lifestyle.
1102,Amit Mehta,amit.mehta@example.com,"Project J,Project K,Project L","Customer J,Customer K,Customer L",Amit Mehta is a dedicated and hardworking employee who always puts his best foot forward. He believes in maintaining a healthy work-life balance and often encourages his team members to do the same.,Amit Mehta is a skilled and experienced professional who is always looking for opportunities to learn and grow. He is known for his problem-solving abilities and is always willing to take on new challenges.,"Amit Mehta's main concern is the lack of work-life balance due to long working hours and tight deadlines. However, he is actively working towards finding a better balance and managing his workload more efficiently.","In his free time, Amit Mehta enjoys playing sports, watching movies and spending time with his friends. He also has a passion for reading and learning about different cultures and traditions."
1121,Aditi Sharma,aditi.sharma@example.com,"Project A,Project B,Project C","Customer A,Customer B,Customer C",Aditi Sharma is a hardworking and dedicated employee. She is always willing to go the extra mile to ensure the success of her projects. She maintains a healthy work-life balance and prioritizes her personal well-being.,"As a leader, Aditi Sharma is constantly striving to improve her skills and knowledge. She is always open to feedback and takes it constructively to enhance her performance. Her professionalism and positive attitude are commendable.","Aditi Sharma's only concern is the tight deadlines and high workload, which can sometimes be overwhelming. However, she manages to handle it efficiently and deliver quality work.","In her free time, Aditi Sharma enjoys reading books, listening to music and practicing yoga. She also has a keen interest in learning new technologies and is always looking for opportunities to expand her skillset."
1236,Vikram Singhania,vikram.singhania@itcompany.in,"Developing a web application for a retail analytics company
	- Implementing a data management system for a logistics firm
	- Building a social media platform for a startup"," 
	- RetailNext
	- DHL Express
	- InnoTech Solutions
	", Vikram is a committed and ambitious employee who always strives for excellence in his work. He believes in maintaining a healthy work-life balance and makes sure to take breaks and spend time with his family and friends. Vikram enjoys playing sports and practicing yoga to stay physically fit. He also practices mindfulness to stay focused and calm. Vikram is known for his positive attitude and is always willing to help his colleagues., Vikram has been with our company for 4 years and has shown significant growth in his role. He is a skilled data analyst with a strong understanding of data management and analytics. Vikram is also a quick problem solver and has excellent time management skills. He is a great team player and collaborates well with his colleagues. Vikram's dedication and hard work have earned him recognition and appreciation from our clients.," Vikram sometimes struggles with managing his workload and tends to take on more projects than he can handle. However, he is actively working on improving his time management skills and seeking guidance from his seniors. Vikram also expresses a desire to work on more challenging projects and take on leadership roles in the future.", Vikram has a passion for technology and enjoys learning about the latest advancements in the IT industry. He is also a bookworm and enjoys reading books on personal development and leadership. Vikram is a food lover and loves trying out new recipes. He is also passionate about giving back to society and regularly volunteers at local NGOs. Vikram believes in constantly learning and growing both personally and professionally.
1338,Rahul Sharma,rahul.sharma@company.com,"Project A,Project B,Project C","Customer A,Customer B,Customer C",Rahul is a dedicated and hardworking employee. He always puts in his best effort in every project and never fails to meet deadlines. He takes good care of his physical and mental health by regularly exercising and practicing mindfulness. He also believes in maintaining a healthy work-life balance and makes sure to spend quality time with his family and friends. He is a positive and optimistic person who always spreads good vibes in the workplace.,"Rahul is a highly skilled and knowledgeable professional. He is always eager to learn new technologies and keeps himself updated with the latest trends in the industry. He takes on new challenges with enthusiasm and is always open to feedback to improve his skills. He is a great team player and works well with his colleagues, making him a valuable asset to the company.","Rahul sometimes feels overwhelmed with the workload and the pressure to deliver perfect results. He tends to overthink and doubts his abilities, which affects his confidence. He also struggles with time management and sometimes ends up working long hours, which takes a toll on his personal life. He believes that with proper guidance and support, he can overcome these concerns and become a better professional.",Rahul is an avid reader and loves to explore different genres of books. He also enjoys watching movies and traveling to new places. He is passionate about photography and often takes stunning pictures during his trips. He is also a sports enthusiast and plays cricket and football with his friends on weekends. He believes that pursuing his interests helps him unwind and boosts his creativity.
1440,Kunal Desai,kunal.desai@company.com,"Project S,Project T,Project U","Customer S,Customer T,Customer U",Kunal is a dedicated and hardworking employee. He is always willing to take on new challenges and has a strong work ethic. He believes in maintaining a healthy work-life balance and makes sure to spend quality time with his family and friends. He practices yoga and meditation to stay physically and mentally fit.,Kunal is a highly skilled and knowledgeable professional. He has a good understanding of the latest technologies and is always willing to learn new skills. He is a great team player and works well with his colleagues to achieve common goals. He also has excellent time management skills and is able to handle multiple projects simultaneously.,"Kunal sometimes feels overwhelmed with the workload and the pressure to deliver perfect results. He tends to overthink and doubts his abilities, which affects his confidence. He is also working on improving his communication skills and seeking feedback to overcome any conflicts within his team.",Kunal is a sports enthusiast and enjoys playing cricket and football with his friends. He also loves to travel and explore new places. He is a foodie and enjoys trying out different cuisines. He is also passionate about social causes and actively volunteers for NGOs that work towards education for underprivileged children.
1448,john smith,jsmith@example.com,[project a project b project c],[customer x customer y customer z],john is a dedicated and hard-working employee who always puts his family and friends first. he enjoys spending time outdoors and loves to travel. in his free time he enjoys playing sports and reading.,john is a highly motivated employee who takes pride in his work. he is always eager to learn and takes on new challenges with enthusiasm. he has a good relationship with his colleagues and is well-respected by his superiors.,john is concerned about the company's recent financial struggles and is worried about the impact it may have on his job security. he is also concerned about the lack of opportunities for growth within the company.,john is a huge fan of basketball and loves to play in his free time. he is also passionate about photography and often takes pictures on his travels. he enjoys trying new restaurants and loves to cook.
1621,Ananya Desai,ananya.desai@itcompany.in,"Developing a web application for a retail analytics company
	- Implementing a data management system for a logistics firm
	- Building a social media platform for a startup","
	- RetailNext
	- DHL Express
	- InnoTech Solutions
	",Ananya is a dedicated and hardworking employee who always strives for perfection in her work. She believes in maintaining a healthy work-life balance and makes time for her family and friends. Ananya enjoys practicing yoga and meditation to stay physically and mentally fit. She is also a travel enthusiast and loves to explore new places and cultures. Ananya is known for her positive attitude and is always willing to lend a helping hand to her colleagues.,Ananya has been with our company for 4 years and has shown significant growth in her role. She is a skilled data analyst with a strong understanding of data management and analytics. Ananya is also a quick problem solver and has excellent time management skills. She is a great team player and collaborates well with her colleagues. Ananya's dedication and hard work have earned her recognition and appreciation from our clients.,Ananya sometimes struggles with managing her workload and tends to take on more projects than she can handle. She is actively working on improving her time management skills and seeking guidance from her seniors. Ananya also expresses a desire to work on more challenging projects and take on leadership roles in the future.,Ananya has a keen interest in technology and enjoys learning about the latest advancements in the IT industry. She is also a bookworm and enjoys reading books on personal development and leadership. Ananya is a food lover and loves trying out new recipes. She is also passionate about giving back to society and regularly volunteers at local NGOs. Ananya believes in constantly learning and growing both personally and professionally.
1691,Rahul Mehta,rahul.mehta@itcompany.in,"Developing a mobile application for a healthcare startup
	- Implementing a cloud-based solution for a financial services company
	- Building an e-commerce platform for a retail chain"," 
	- MedGen Healthcare
	- HDFC Securities
	- Lifestyle Stores
	","Rahul is a dedicated and hardworking employee who always goes the extra mile to ensure the success of his projects. He believes in maintaining a work-life balance and makes time for his family and hobbies. Rahul enjoys playing football and going on long drives to relax and unwind. He also practices mindfulness and meditation to keep his mind calm and focused. Rahul is a team player and is always willing to lend a helping hand to his colleagues.
	",Rahul has been with our company for 6 years and has grown tremendously in his role. He is a skilled developer with a strong understanding of various programming languages. Rahul is also a quick learner and adapts well to new technologies and tools. He is a great team player and collaborates well with his colleagues. Rahul's dedication and hard work have earned him recognition and appreciation from our clients.,"Rahul sometimes struggles with managing his workload and tends to take on more projects than he can handle. However, he is actively working on improving his time management skills and seeking guidance from his seniors. Rahul also expresses a desire to work on more challenging projects and take on leadership roles in the future.", Rahul has a passion for technology and enjoys staying updated with the latest trends and advancements in the IT industry. He is also an avid reader and enjoys reading books on personal development and leadership. Rahul is a foodie and loves trying out new cuisines. He is also passionate about giving back to society and regularly volunteers at local NGOs. Rahul believes in constantly learning and growing both personally and professionally.
1736,Rahul Mehta,rahul.mehta@example.com,"Project P,Project Q,Project R","Customer P,Customer Q,Customer R",Rahul Mehta is a highly motivated individual who takes great pride in his work. He believes in maintaining a healthy work-life balance and actively encourages his team members to do the same.,Rahul Mehta is a skilled and dedicated professional who is always willing to take on new challenges. He has a strong work ethic and is known for his problem-solving abilities.,"Rahul Mehta's main concern is the lack of communication within the team, which can sometimes lead to delays in project completion. However, he is actively working towards improving this aspect and promoting better teamwork.","In his free time, Rahul Mehta enjoys playing sports, hiking and cooking. He also has a passion for photography and often captures breathtaking landscapes during his travels."
2018,Rakesh Reddy,rakesh.reddy@companyname.com,"1. Development of a mobile application for a healthcare company
	2. Implementation of an inventory management system for a retail company
	3. Design and development of a virtual reality experience for a theme park","
	1. Apollo Hospitals
	2. Lifestyle Stores
	3. Imagica
	"," Rakesh is a highly motivated and ambitious employee who believes in the importance of self-care. He makes sure to take breaks and engage in activities that help him to relax and recharge. Rakesh is a fitness enthusiast and regularly goes to the gym to stay physically and mentally fit. He also loves to travel and explore new places, which helps him to gain new perspectives and ideas.
	", Rakesh is a skilled and efficient team leader who values open communication and collaboration. He is always willing to learn and takes on new challenges with enthusiasm. Rakesh is also proactive in seeking out new learning opportunities and regularly attends training programs and workshops. He also believes in the importance of recognizing and appreciating the efforts of his team members., Rakesh's main concern is the increasing pressure to meet tight deadlines and deliver high-quality work. He believes in the importance of managing stress and often reminds his team to take breaks and prioritize their well-being. Rakesh is also concerned about the lack of work-life balance in the industry and is working towards creating a more flexible and inclusive work environment.," Rakesh is passionate about technology and is always eager to learn about new advancements and innovations. He also enjoys reading books on personal development and productivity, which helps him to improve his skills as a team leader. In his free time, Rakesh loves to watch movies and spend time with his family and friends. He also loves to volunteer and give back to the community by participating in charity events."
2052,Shreya Patel,shreya.patel@company.com,"Project D,Project E,Project F","Customer D,Customer E,Customer F",Shreya is a dedicated and passionate employee. She takes her job seriously and always strives for excellence. She believes in maintaining a healthy work-life balance and makes time for her hobbies and interests. She practices yoga and meditation to stay physically and mentally fit. She is also a strong advocate for mental health awareness and actively participates in various campaigns and events related to it.,Shreya is a highly talented and skilled professional. She has excellent problem-solving skills and is always willing to share her knowledge with her colleagues. She is a quick learner and adapts well to new technologies and tools. She is also a great team player and always goes the extra mile to help her team achieve their goals.,"Shreya sometimes struggles with communication and has a hard time expressing her ideas and opinions in a group setting. She also tends to get anxious before presentations or client meetings. However, she is working on improving her communication skills and seeks feedback from her colleagues to overcome this concern.",Shreya loves to read books on personal development and self-improvement. She also enjoys cooking and trying out new recipes. She is a nature lover and often goes on hikes and nature walks. She is also passionate about social causes and actively volunteers for NGOs in her free time.
2738,Nisha Shah,nisha.shah@company.com,"Project BB,Project CC,Project DD","Customer BB,Customer CC,Customer DD",Nisha is a dedicated and hardworking employee. She is always willing to take on new challenges and has a strong work ethic. She believes in maintaining a healthy work-life balance and makes sure to spend quality time with her family and friends. She practices yoga and meditation to stay physically and mentally fit.,Nisha is a highly skilled and knowledgeable professional. She has a good understanding of the latest technologies and is always willing to learn new skills. She is a great team player and works well with her colleagues to achieve common goals. She also has excellent time management skills and is able to handle multiple projects simultaneously.,"Nisha sometimes feels burnt out and overwhelmed with the constant demands of her job. She often sacrifices her personal time to meet project deadlines, which affects her personal life. She is also facing challenges in managing conflicts within her team. However, she believes in open communication and is working on finding a balance between her personal and professional life.",Nisha loves to read books on personal development and self-improvement. She also enjoys cooking and trying out new recipes. She is a nature lover and often goes on hikes and nature walks. She is also passionate about social causes and actively volunteers for NGOs that work towards providing equal opportunities for women.
2877,Kavita Gupta,kavita.gupta@example.com,"Project M,Project N,Project O","Customer M,Customer N,Customer O",Kavita Gupta is a dedicated and hardworking employee who always puts her best foot forward. She believes in maintaining a healthy work-life balance and often encourages her team members to do the same.,Kavita Gupta is a skilled and experienced professional who is always looking for opportunities to learn and grow. She is known for her attention to detail and ability to meet tight deadlines.,"Kavita Gupta's main concern is the lack of recognition for her hard work and efforts. However, she remains motivated and continues to strive for excellence in her work.","In her free time, Kavita Gupta enjoys dancing, cooking and spending time with her family. She also has a passion for traveling and exploring new places and cuisines."
2997,Smita Gupta,smita.gupta@itcompany.in,"- Designing a user-friendly website for a travel company
	- Implementing a CRM system for a healthcare organization
	- Building a data analytics platform for a financial services firm"," 
	- Expedia India
	- Fortis Healthcare
	- ICICI Bank
	", Smita is a dedicated and hardworking employee who always puts her best foot forward. She believes in maintaining a healthy work-life balance and makes time for her family and hobbies. Smita enjoys spending time with her loved ones and going for long walks to stay physically active. She also practices yoga and meditation to keep her mind calm and focused. Smita is known for her positive attitude and willingness to help her colleagues.," Smita has been with our company for 8 years and has shown tremendous growth in her role. She is a skilled designer with an eye for detail and always delivers high-quality work. Smita is also a quick learner and has adapted well to new technologies and tools. She is a great team player and is always willing to share her knowledge and expertise with her colleagues. Smita's dedication and hard work have earned her recognition and appreciation from our clients.
	Professional concerns: Smita sometimes struggles with managing her workload and tends to take on more projects than she can handle. However, she is actively working on improving her time management skills and seeking guidance from her seniors. Smita also expresses a desire to take on more leadership roles and work on challenging projects.",, Smita has a keen interest in design and enjoys creating art in her free time. She also loves cooking and experimenting with new recipes. Smita is an animal lover and regularly volunteers at local animal shelters. She also loves to travel and explore new places and cultures. Smita believes in constantly learning and growing both personally and professionally.
3579,Amit Khanna,amit.khanna@company.com,"Project M,Project N,Project O","Customer M,Customer N,Customer O",Amit is a dedicated and hardworking employee. He is always willing to take on new challenges and has a strong work ethic. He believes in maintaining a healthy work-life balance and makes sure to spend quality time with his family and friends. He also practices yoga and meditation to stay physically and mentally fit.,Amit is a highly skilled and experienced professional. He has a deep understanding of various technologies and is always eager to learn new skills. He is a great mentor to his colleagues and is always willing to help them with any challenges they may face. He also has excellent time management skills and is able to deliver projects within tight deadlines.,"Amit sometimes feels overwhelmed with the constant pressure to deliver perfect results. He tends to overthink and doubts his abilities, which affects his confidence. He also struggles with managing conflicts within his team. However, he is working on improving his self-confidence and communication skills to overcome these concerns.",Amit is an adventure seeker and enjoys activities like trekking and bungee jumping. He also loves to travel and explore new places. He is an animal lover and often volunteers at local animal shelters. He is also passionate about environmental conservation and actively participates in beach clean-up drives.
3921,kevin chen,kchen@example.com,[project s project t project u],[customer p customer q customer r],kevin is a happy and easy-going person who enjoys spending time with his friends and family. he loves to play video games and is a big fan of sci-fi movies. he also enjoys cooking and trying out new recipes.,kevin is a hard-working and dedicated employee who always delivers quality work. he has a good relationship with his colleagues and is well-liked by his superiors. he is also always willing to go the extra mile to help his team.,kevin is concerned about the long hours and lack of work-life balance at the company. he is also worried about the lack of transparency in the decision-making process and how it affects the employees.,kevin enjoys playing basketball and is a big fan of the nba. he also loves to read and often participates in book clubs. he is interested in technology and enjoys learning about the latest gadgets and innovations. he also loves to travel and explore new cultures.
3954,Manish Tiwari,manish.tiwari@companyname.com,"1. Development of a software for a government agency to digitize their processes
	2. Implementation of a data analytics platform for a healthcare company
	3. Design and development of a virtual reality training program for an educational institute","
	1. Passport Seva Kendra
	2. Fortis Healthcare
	3. IIM Bangalore
	", Manish is a dedicated and hardworking employee who believes in maintaining a healthy work-life balance. He makes sure to take breaks and engage in activities that help him to relax and recharge. Manish is an animal lover and often volunteers at animal shelters in his free time. He also enjoys playing sports and is a member of the company's cricket team., Manish is a skilled and efficient team leader who values open communication and collaboration. He is always willing to learn and takes on new challenges with enthusiasm. Manish is also proactive in seeking out new learning opportunities and regularly attends training programs and workshops. He also believes in the importance of recognizing and appreciating the efforts of his team members.," Manish's main concern is the increasing pressure to meet tight deadlines and deliver high-quality work. He believes in the importance of managing stress and often reminds his team to take breaks and prioritize their well-being. Manish is also concerned about the lack of diversity in the IT industry and is actively working towards creating a more inclusive and diverse team.
	"," Manish has a keen interest in technology and is always eager to learn about new advancements and innovations. He also enjoys reading books on personal development and productivity, which helps him to improve his skills as a team leader. In his free time, Manish loves to watch movies and spend time with his family and friends. He also loves to volunteer and give back to the community by participating in charity events. "
4621,Arjun Rao,arjun.rao@itcompany.in,"- Building a software solution for a logistics company
	- Developing an e-learning platform for a education startup
	- Implementing a CRM system for a real estate firm"," 
	- DHL
	- BYJU'S
	- Lodha Group
	", Arjun is a dedicated and hardworking employee who always puts his best foot forward. He believes in maintaining a healthy work-life balance and makes time for his family and hobbies. Arjun enjoys playing football and going on long drives with his friends. He also practices mindfulness and meditation to keep his mind calm and focused. Arjun is always willing to lend a helping hand to his colleagues and is known for his positive attitude and friendly nature., Arjun has been with our company for 3 years and has shown significant growth in his role. He is a skilled developer with a strong understanding of various programming languages. Arjun is also a quick learner and has adapted well to new technologies and tools. He is a great team player and collaborates well with his colleagues. Arjun's dedication and hard work have earned him recognition and appreciation from our clients.," Arjun sometimes struggles with managing his workload and tends to take on more projects than he can handle. However, he is actively working on improving his time management skills and seeking guidance from his seniors. Arjun also expresses a desire to take on more challenging projects and opportunities for growth within the company.", Arjun has a passion for technology and enjoys staying updated with the latest trends and advancements in the IT industry. He is also an avid reader and enjoys reading books on personal development and leadership. Arjun is a foodie and loves trying out new cuisines. He also has a love for adventure and enjoys trekking and camping in his free time. Arjun also believes in giving back to society and regularly volunteers at local NGOs.
4648,Priya Sharma,priya.sharma@itcompany.in,"- Designing a user-friendly website for a travel company
	- Developing a mobile application for a food delivery startup
	- Implementing a CRM system for a retail chain","
	- MakeMyTrip
	- Zomato
	- Shoppers Stop
	",Priya is a dedicated and ambitious employee who puts her heart and soul into her work. She believes in maintaining a healthy work-life balance and makes time for her family and friends. She enjoys going for long walks and practicing yoga to de-stress after a busy day at work. Priya also loves to travel and explore new places. She believes that taking breaks and disconnecting from work is essential for personal well-being.,Priya has been with our company for 3 years and has shown tremendous growth in her role. She is a creative designer with an eye for detail and always delivers high-quality work. Priya is a great team player and collaborates well with her colleagues. She is also a quick learner and has adapted well to new technologies and tools. Priya's dedication and hard work have earned her recognition from our clients and she is highly valued by our team.,"Priya sometimes struggles with managing her time and prioritizing tasks. She is always willing to take on new projects and often takes on more work than she can handle. However, she is actively working on improving her time management skills and seeking guidance from her seniors. Priya also expresses a desire to take on more leadership roles in the future.
	","Priya has a passion for design and enjoys creating art in her free time. She also loves photography and often takes beautiful pictures during her travels. Priya is a foodie and loves trying out new recipes at home. She is also an animal lover and regularly volunteers at local animal shelters. Priya believes in constantly learning and often attends workshops and seminars to enhance her skills.
	"
4924,Nikhil Shah,nikhil.shah@example.com,"Project EE,Project FF,Project GG","Customer EE,Customer FF,Customer GG",Nikhil Shah is a dedicated and hardworking employee who always puts his best foot forward. He believes in maintaining a healthy work-life balance and often encourages his team members to do the same.,Nikhil Shah is a skilled and experienced professional who is always looking for opportunities to learn and grow. He is known for his problem-solving abilities and is always willing to take on new challenges.,"Nikhil Shah's main concern is the lack of work-life balance due to long working hours and tight deadlines. However, he is actively working towards finding a better balance and managing his workload more efficiently.","In his free time, Nikhil Shah enjoys playing sports, watching movies and spending time with his friends. He also has a passion for reading and learning about different cultures and traditions."
4967,emily williams,ewilliams@example.com,[project j project k project l],[customer g customer h customer i],emily is a warm and caring person who values her relationships with her family and friends. she loves to travel and tries to take at least one trip every year. she also enjoys cooking and experimenting with new recipes.,emily is a highly organized and efficient employee who always exceeds expectations. she is a great team player and works well with her colleagues. she is also well-respected by her superiors.,emily is concerned about the recent layoffs and the uncertainty it brings to the company. she is also worried about the constant changes in management and its impact on the company's culture.,emily loves to read in her free time and has a passion for writing. she also enjoys dancing and has been taking classes for the past few years. she is always open to learning new skills and recently started taking photography classes.
5156,Aarti Singh,aarti.singh@companyname.com,"1. Development of a new e-commerce website for a leading retail company
	2. Implementation of a customer relationship management system for a healthcare organization
	3. Design and development of a mobile application for a travel and tourism company","
	1. Big Bazaar
	2. Apollo Hospitals
	3. MakeMyTrip
	"," Aarti is a dedicated and hardworking employee who always strives to maintain a healthy work-life balance. She believes in the importance of self-care and makes sure to take breaks and engage in activities that she enjoys outside of work. Aarti is an avid reader and loves to travel to new places whenever she gets the chance. She also makes sure to spend quality time with her family and friends, which helps her to de-stress and stay motivated. "," Aarti is a skilled and efficient team leader who is always willing to take on new challenges. She enjoys working with her team and believes in creating a positive and collaborative work environment. Aarti is constantly looking for ways to improve her skills and knowledge in the IT industry and regularly attends workshops and seminars. She also actively participates in company events and initiatives, which helps her to stay connected with her colleagues and feel a sense of belonging in the organization.", Aarti's main concern is staying updated with the rapidly changing technology and ensuring that her team is equipped with the necessary skills to meet client demands. She also believes in the importance of diversity and inclusion in the workplace and is constantly working towards creating a more inclusive and equal work environment.," Aarti is passionate about technology and is always up-to-date with the latest trends and advancements in the industry. She also enjoys reading books on leadership and management, which helps her to improve her skills as a team leader. In her free time, Aarti loves to explore new cuisines and experiment with cooking. She also loves to volunteer and give back to the community."
5176,alexandra liu,aliu@example.com,[project hh project ii project jj],[customer ee customer ff customer gg],alexandra is a cheerful and bubbly person who always brings positive energy to the workplace. she enjoys spending time with her family and friends and often hosts game nights. she is also an animal lover and has a pet cat.,alexandra is a highly motivated and efficient employee who always delivers quality work. she is well-liked by her colleagues and has a good working relationship with her superiors. she is also always willing to help her team members and go the extra mile.,alexandra is concerned about the lack of diversity and inclusivity within the company and hopes to see more efforts being made in this area. she is also worried about the lack of opportunities for growth and development.,alexandra enjoys trying out new restaurants and cuisines with her friends. she also loves to travel and has a goal to visit all 50 states in the us. she is interested in interior design and is always redecorating her home.
5465,Priya Sharma,priya.sharma@companyname.com,"1. Development of a customized ERP solution for a manufacturing company
	2. Implementation of a data analytics platform for a retail company
	3. Design and development of a chatbot for a telecommunications company","
	1. Maruti Suzuki
	2. Aditya Birla Retail
	3. Airtel
	"," Priya is a highly motivated and ambitious employee who believes in the importance of self-care. She makes sure to take breaks and engage in activities that help her to relax and recharge. Priya is a fitness enthusiast and regularly practices yoga and meditation to maintain a healthy mind and body. She also loves to travel and explore new places, which helps her to gain new perspectives and ideas.", Priya is a skilled and efficient team leader who is always willing to go the extra mile to deliver high-quality work. She is a great communicator and believes in fostering a positive and collaborative work environment. Priya is also proactive in seeking out new learning opportunities and constantly upgrades her skills to stay ahead in the industry. She is also a firm believer in work-life balance and encourages her team to maintain a healthy balance.," Priya's main concern is the increasing workload and pressure to meet tight deadlines. She believes in the importance of managing stress and regularly reminds her team to take breaks and prioritize their well-being. Priya is also concerned about the lack of diversity in the IT industry and is actively working towards creating a more inclusive and diverse team.
	"," Priya is passionate about technology and is always eager to learn about new advancements and innovations. She also enjoys reading books on leadership and management to improve her skills as a team leader. In her free time, Priya loves to cook and experiment with different cuisines. She also loves to volunteer and give back to the community by organizing events and initiatives. "
5472,Aarav Singh,aarav.singh@itcompany.in,"- Developing a new mobile application for a leading e-commerce company
	- Implementing a cloud-based solution for a healthcare organization
	- Building a data analytics platform for a financial services firm","
	- Amazon India
	- Apollo Hospitals
	- HDFC Bank
	", Aarav is a dedicated and hardworking employee who always puts his best foot forward. He believes in maintaining a healthy work-life balance and makes time for his family and hobbies. He enjoys playing cricket and going on weekend trips with his loved ones. Aarav also takes care of his physical and mental well-being by practicing yoga and meditation regularly. He believes that a happy and healthy mind is essential for professional success. Aarav is always willing to lend a helping hand to his colleagues and is known for his positive attitude and infectious smile.,Aarav has been working with our company for 5 years and has grown tremendously in his role. He is a skilled programmer who is always eager to learn and adapt to new technologies. Aarav is a quick problem solver and has excellent time management skills. He is also a great team player and is always willing to share his knowledge and expertise with his colleagues. Aarav's dedication and hard work have earned him several accolades and recognition from our clients. He is an asset to our company and we are proud to have him as part of our team.,"Aarav sometimes struggles with work-life balance during peak project periods. He tends to work long hours and sacrifices his personal time to meet project deadlines. However, he is aware of this and is actively working on setting boundaries and prioritizing his tasks. Aarav also expresses a desire to take on more challenging projects and opportunities for growth within the company.
	","Aarav has a keen interest in technology and stays updated with the latest trends and advancements in the IT industry. He is also an avid reader and enjoys reading books on personal development and leadership. Aarav is passionate about giving back to the community and regularly volunteers at local NGOs. He is also a food enthusiast and loves trying out new cuisines. Aarav is always open to new experiences and believes in making the most out of life.
	"
5520,Krishna Patel,krishna.patel@example.com,"Project Y,Project Z,Project AA","Customer Y,Customer Z,Customer AA",Krishna Patel is a highly motivated individual who takes great pride in his work. He believes in maintaining a healthy work-life balance and actively encourages his team members to do the same.,Krishna Patel is a skilled and experienced professional who is always looking for opportunities to learn and grow. He is known for his problem-solving abilities and is always willing to take on new challenges.,"Krishna Patel's main concern is the lack of communication within the team, which can sometimes lead to delays in project completion. However, he is actively working towards improving this aspect and promoting better teamwork.","In his free time, Krishna Patel enjoys playing sports, hiking and cooking. He also has a passion for photography and often captures breathtaking landscapes during his travels."
5736,Arjun Khanna,arjun.khanna@example.com,"Project V,Project W,Project X","Customer V,Customer W,Customer X",Arjun Khanna is a hardworking and dedicated employee. He is always willing to go the extra mile to ensure the success of his projects. He maintains a healthy work-life balance and prioritizes his personal well-being.,"As a leader, Arjun Khanna is constantly striving to improve his skills and knowledge. He is always open to feedback and takes it constructively to enhance his performance. His professionalism and positive attitude are commendable.","Arjun Khanna's only concern is the tight deadlines and high workload, which can sometimes be overwhelming. However, he manages to handle it efficiently and deliver quality work.","In his free time, Arjun Khanna enjoys reading books, listening to music and practicing yoga. He also has a keen interest in learning new technologies and is always looking for opportunities to expand his skillset."
5780,olivia martinez,omartinez@example.com,[project nn project oo project pp],[customer kk customer ll customer mm],olivia is a caring and empathetic person who always puts the well-being of others before herself. she enjoys spending time with her loved ones and is always there to support them. she also loves to paint and expresses her emotions through art.,olivia is a dedicated and hard-working employee who excels in her role. she has a good working relationship with her colleagues and is well-respected by her superiors. she is also always willing to take on new responsibilities and challenges.,olivia is concerned about the high stress levels at the workplace and its impact on her mental and physical health. she is also worried about the lack of opportunities for growth and development within the company.,olivia enjoys reading books on personal and professional development. she also loves to travel and explore new cultures. she is interested in environmental sustainability and is always looking for ways to reduce her carbon footprint.
5805,Radhika Sharma,radhika.sharma@example.com,"Project BB,Project CC,Project DD","Customer BB,Customer CC,Customer DD",Radhika Sharma is a highly organized and efficient employee. She believes in maintaining a healthy work-life balance and often encourages her colleagues to take breaks and recharge.,Radhika Sharma is a skilled and dedicated professional who is always willing to take on new challenges. She has a strong work ethic and is known for her attention to detail and ability to meet tight deadlines.,"Radhika Sharma's main concern is the lack of recognition for her hard work and efforts. However, she remains motivated and continues to strive for excellence in her work.","In her free time, Radhika Sharma enjoys painting, gardening and spending time with her family. She also has a passion for traveling and exploring new cultures and cuisines."
5861,michael brown,michaelbrown@company.com,project m project n project o,pqr corporation stu corporation vwx corporation,michael values work-life balance and makes sure to take breaks throughout the day to clear his mind and recharge. he enjoys spending time outdoors and going for walks in nature. michael is also a music enthusiast and plays the guitar and drums in his free time. he believes that pursuing his hobbies and interests outside of work has a positive impact on his personal well-being.,as a software developer michael is highly skilled and knowledgeable in his field. he is able to effectively code and troubleshoot complex issues. michael is also a team player and is always willing to help and support his colleagues. he takes great pride in his work and is constantly looking for ways to improve and innovate.,while michael is content with his current role he does have some concerns about the lack of diversity in his team. he believes that a diverse team brings different perspectives and helps foster creativity and innovation. michael also hopes to receive more opportunities to attend conferences and workshops to continue learning and improving his skills.,michael enjoys staying active and regularly plays sports with his friends. he also has a passion for cooking and enjoys making meals from different cuisines. michael also loves traveling and hopes to visit all 7 continents in his lifetime. he also enjoys learning about different cultures and languages and is currently learning spanish in his free time.
5978,Rahul Singh,rahul.singh@example.com,"Project D,Project E,Project F","Customer D,Customer E,Customer F",Rahul Singh is a highly motivated individual who takes great pride in his work. He believes in maintaining a healthy work-life balance and actively encourages his team members to do the same.,Rahul Singh is a skilled and experienced professional who is always looking for opportunities to learn and grow. He is known for his problem-solving abilities and is always willing to take on new challenges.,"Rahul Singh's main concern is the lack of communication within the team, which can sometimes lead to delays in project completion. However, he is actively working towards improving this aspect and promoting better teamwork.","In his free time, Rahul Singh enjoys playing sports, hiking and cooking. He also has a passion for photography and often captures breathtaking landscapes during his travels."
5979,emily jones,emilyjones@example.com,[project x project y project z],[lmn enterprises def corporation 456 industries],emily has been struggling with her personal well-being lately. she has been feeling stressed and overwhelmed due to her busy work schedule. however she has been trying to take breaks and practice self-care to manage her stress levels.,emily is dedicated to her work and strives for excellence in everything she does. she enjoys learning new skills and takes up challenging projects to enhance her professional growth. she values the support and guidance of her colleagues and believes in maintaining a healthy work-life balance.,emily is concerned about the changing market trends and how it might affect the company's success. she wants to contribute more ideas and strategies to stay ahead of the competition. she also has some concerns about the lack of diversity in the company.,emily is a creative person and enjoys painting and crafting. she also loves traveling and exploring new places especially those with a rich history and culture. she is also fond of reading and often attends book clubs. she is passionate about women empowerment and actively volunteers for organizations that support this cause.
6350,Rajesh Kumar,rajesh.kumar@companyname.com,"1. Development of an online learning platform for a educational institute
	2. Implementation of a supply chain management system for a logistics company
	3. Design and development of a virtual reality game for a gaming company","
	1. IIT Delhi
	2. DHL
	3. Ubisoft
	"," Rajesh is a dedicated and hardworking employee who believes in the importance of maintaining a healthy work-life balance. He makes sure to take breaks and spend quality time with his family and friends. Rajesh also enjoys playing sports and is a member of the company's football team. He also loves to travel and explore new places, which helps him to de-stress and gain new perspectives."," Rajesh is a skilled and efficient team leader who is always willing to take on new challenges. He values open communication and encourages his team members to share their ideas and concerns. Rajesh also actively participates in company events and initiatives, which helps him to stay connected with his colleagues and feel a sense of belonging in the organization.
	", Rajesh's main concern is the increasing competition in the IT industry and the pressure to constantly deliver high-quality work. He believes in the importance of maintaining a healthy work-life balance and often reminds his team members to take breaks and recharge themselves. Rajesh is also concerned about the lack of work-life balance in the industry and is working towards creating a more flexible and inclusive work environment.," Rajesh is passionate about technology and is always looking for ways to improve his skills and knowledge in the IT industry. He also enjoys reading books on self-improvement and personal development, which helps him to become a better leader. In his free time, Rajesh loves to play video games and watch movies. He also loves to volunteer and give back to the community by participating in charity events. "
6385,Rohit Patel, rohit.patel@itcompany.in,"- Building a software solution for a logistics company
	- Developing an e-learning platform for a education startup
	- Implementing a CRM system for a real estate firm","
	- DHL
	- BYJU'S
	- Lodha Group
	",Rohit is a dedicated and hardworking employee who always strives for excellence in his work. He believes in maintaining a healthy work-life balance and makes time for his family and friends. Rohit enjoys playing sports and spending time outdoors to stay physically active. He also practices meditation and mindfulness to keep his mind calm and focused. Rohit is known for his positive attitude and is always willing to help his colleagues in any way he can., Rohit has been with our company for 7 years and has grown tremendously in his role. He is a skilled programmer with a strong understanding of various programming languages. Rohit is a quick learner and adapts well to new technologies and tools. He is also a great team player and is always willing to share his knowledge and expertise with his colleagues. Rohit's dedication and hard work have earned him recognition and appreciation from our clients.,"Rohit sometimes struggles with work-life balance during peak project periods. He tends to work long hours and takes on more work than he can handle. However, he is aware of this and is actively working on setting boundaries and prioritizing his tasks. Rohit also expresses a desire to work on more challenging and diverse projects to enhance his skills and knowledge.
	",Rohit has a passion for coding and enjoys participating in coding challenges and hackathons. He is also an avid reader and enjoys reading books on technology and personal development. Rohit is a food enthusiast and loves trying out new cuisines. He also has a love for adventure and enjoys trekking and camping in his free time.
6585,jane smith,jane.smith@company.com,[project a project b project c],[customer x customer y customer z],jane is a dedicated and hardworking employee who always puts her best effort into her work. she is very organized and manages her time effectively which allows her to balance her work and personal life well. jane leads a healthy lifestyle with a regular exercise routine and a balanced diet. she also makes time for her hobbies such as painting and gardening which help her relax and unwind after a long day at work. she values her relationships with her family and friends and makes sure to spend quality time with them on a regular basis.,in her professional life jane is a great team player and always willing to help her colleagues. she is open to feedback and constantly strives to improve her skills. her positive attitude and excellent communication skills make her a valuable asset to the company. jane is also constantly seeking new challenges and opportunities to grow professionally. she takes on new projects with enthusiasm and is always eager to learn new things.,one of jane's main professional concerns is maintaining a good work-life balance. she often finds herself working long hours to meet tight deadlines which can lead to burnout. she also worries about keeping up with the constantly evolving industry trends and making sure her skills are up-to-date. additionally jane sometimes struggles with saying no to additional tasks or projects which can lead to her feeling overwhelmed.,jane is a creative and curious person with a wide range of interests. in her free time she enjoys painting and drawing as it allows her to express her creativity. she also loves spending time in nature whether it's hiking in the mountains or going for a walk in the park. jane is also a voracious reader and enjoys learning about different cultures and perspectives through books. she is also interested in personal development and is constantly seeking ways to improve herself both personally and professionally.
6612,Neha Gupta,neha.gupta@company.com,"Project J,Project K,Project L","Customer J,Customer K,Customer L",Neha is a dedicated and enthusiastic employee. She is always eager to take on new challenges and has a positive attitude towards her work. She believes in maintaining a healthy work-life balance and makes sure to spend quality time with her family and friends. She also practices yoga and meditation to stay physically and mentally fit.,Neha is a highly skilled and knowledgeable professional. She has a good understanding of the latest technologies and is always willing to learn new skills. She is a great team player and works well with her colleagues to achieve common goals. She also has excellent time management skills and is able to handle multiple projects simultaneously.,"Neha sometimes faces challenges in managing her workload and often struggles with prioritizing tasks. She also finds it difficult to say no when asked to take on additional responsibilities, which affects her work-life balance. However, she is working on improving her time management skills and setting boundaries to overcome these concerns.",Neha loves to read books on personal growth and development. She also enjoys painting and spending time with her pet dog. She is a travel enthusiast and loves to explore new places. She is also passionate about women's empowerment and actively volunteers for organizations that work towards providing equal opportunities for women.
6649,Sanjana Gupta,sanjana.gupta@example.com,"Project HH,Project II,Project JJ","Customer HH,Customer II,Customer JJ",Sanjana Gupta is a highly motivated individual who takes great pride in her work. She believes in maintaining a healthy work-life balance and actively encourages her team members to do the same.,Sanjana Gupta is a skilled and experienced professional who is always looking for opportunities to learn and grow. She is known for her problem-solving abilities and is always willing to take on new challenges.,"Sanjana Gupta's main concern is the lack of communication within the team, which can sometimes lead to delays in project completion. However, she is actively working towards improving this aspect and promoting better teamwork.","In her free time, Sanjana Gupta enjoys playing sports, hiking and cooking. She also has a passion for photography and often captures breathtaking landscapes during her travels."
6707,Anjali Mehta,anjali.mehta@company.com,"Project P,Project Q,Project R","Customer P,Customer Q,Customer R",Anjali is a dedicated and passionate employee. She takes her job seriously and always strives for excellence. She believes in maintaining a healthy work-life balance and makes time for her hobbies and interests. She practices yoga and meditation to stay physically and mentally fit. She also actively promotes a healthy and sustainable lifestyle among her colleagues.,Anjali is a highly talented and skilled professional. She has excellent problem-solving skills and is always willing to share her knowledge with her colleagues. She is a quick learner and adapts well to new technologies and tools. She is also a great team player and always goes the extra mile to help her team achieve their goals.,Anjali sometimes struggles with managing her workload and often finds it difficult to say no to additional responsibilities. This affects her work-life balance and sometimes leads to burnout. She is also working on improving her communication skills and seeking feedback to overcome any conflicts within her team.,Anjali is an avid reader and enjoys books on personal development and spirituality. She also loves to cook and experiment with new recipes. She is a nature lover and often goes on nature walks and bird watching trips. She is also passionate about animal rights and volunteers at local animal shelters.
6727, Rohit Sharma , rohit.sharma@company.com ,"Project A, Project B, Project C"," Customer X, Customer Y, Customer Z ", Rohit is a dedicated and hardworking employee who always puts his best foot forward. He takes care of his physical and mental well-being by regularly exercising and practicing mindfulness. He also makes sure to maintain a healthy work-life balance by spending quality time with his family and friends. He believes that a happy and healthy mind and body are essential for overall success and productivity. ," Rohit is a skilled and efficient employee who constantly strives for professional growth and development. He actively seeks out new learning opportunities and stays updated with the latest industry trends and technologies. He also values teamwork and collaboration, and always strives to maintain a positive and productive work environment. "," While Rohit is satisfied with his current role and responsibilities, he sometimes feels the need for a higher level of recognition and appreciation for his hard work and contributions. He also hopes for more opportunities to take on leadership roles and responsibilities in the future. "," Outside of work, Rohit enjoys playing cricket, traveling to new places, and trying out new cuisines. He is also passionate about photography and has won several awards for his work. He also likes to volunteer and give back to the community whenever he can. "
6786,,,,,,,,
6877,Priya Patel,priya.patel@company.com,"Project V,Project W,Project X","Customer V,Customer W,Customer X",Priya is a dedicated and enthusiastic employee. She is always eager to take on new challenges and has a positive attitude towards her work. She believes in maintaining a healthy work-life balance and makes sure to spend quality time with her family and friends. She also practices yoga and meditation to stay physically and mentally fit.,Priya is a highly skilled and experienced professional. She has a deep understanding of various technologies and is always eager to learn new skills. She is a great mentor to her colleagues and is always willing to help them with any challenges they may face. She also has excellent time management skills and is able to handle multiple projects simultaneously.,"Priya sometimes faces challenges in managing her workload and often struggles with prioritizing tasks. She also finds it difficult to say no when asked to take on additional responsibilities, which affects her work-life balance. However, she is working on improving her time management skills and setting boundaries to overcome these concerns.",Priya loves to read books on personal growth and development. She also enjoys painting and spending time with her pet dog. She is a travel enthusiast and loves to explore new places. She is also passionate about women's empowerment and actively volunteers for organizations that work towards providing equal opportunities for women.
6991,daniel rodriguez,drodriguez@example.com,[project m project n project o],[customer j customer k customer l],daniel is a fun-loving and adventurous person who enjoys spending time outdoors. he loves to go hiking and camping with his friends and family. he is also passionate about music and plays the guitar in his free time.,daniel is a dedicated and hard-working employee who always strives for excellence. he has a good relationship with his colleagues and is well-liked by his superiors. he is also a quick learner and adapts well to new projects and tasks.,daniel is concerned about the lack of work-life balance at the company and how it may affect his personal life. he is also worried about the company's recent financial struggles and the impact it may have on his job security.,daniel enjoys trying out new restaurants and cuisines. he is also an avid traveler and loves to explore new places. he is passionate about photography and often takes pictures on his travels. he also enjoys attending music concerts and festivals.
6993,Rahul Kapoor,rahul.kapoor@company.com,"Project Y,Project Z,Project AA","Customer Y,Customer Z,Customer AA",Rahul is a dedicated and passionate employee. He takes his job seriously and always strives for excellence. He believes in maintaining a healthy work-life balance and makes time for his hobbies and interests. He also practices yoga and meditation to stay physically and mentally fit. He is also an advocate for mental health awareness and actively participates in various campaigns and events related to it.,Rahul is a highly talented and skilled professional. He has excellent problem-solving skills and is always willing to share his knowledge with his colleagues. He is a quick learner and adapts well to new technologies and tools. He is also a great team player and always goes the extra mile to help his team achieve their goals.,"Rahul sometimes struggles with communication and has a hard time expressing his ideas and opinions in a group setting. He also tends to get anxious before presentations or client meetings. However, he is working on improving his communication skills and seeks feedback from his colleagues to overcome this concern.",Rahul is a music lover and enjoys playing the guitar in his free time. He also loves to travel and explore new places. He is a foodie and enjoys trying out different cuisines. He is also passionate about social causes and actively volunteers for NGOs that work towards education and healthcare for underprivileged children.
7106,james patel,jpatel@example.com,[project ee project ff project gg],[customer bb customer cc customer dd],james is a calm and relaxed person who enjoys spending time alone in nature. he often goes on hikes and enjoys the peace and quiet. he is also passionate about cooking and often tries out new recipes.,james is a hard-working and dedicated employee who always meets his deadlines. he has a good relationship with his colleagues and is well-respected by his superiors. he is also always willing to take on new challenges and learn new skills.,james is concerned about the lack of communication and transparency within the company. he is also worried about the high turnover rate and the negative impact it has on the company's culture.,james enjoys reading and often discusses books with his colleagues during lunch breaks. he also loves to travel and explore new cultures. he is interested in technology and enjoys learning about new gadgets and software.
7129,michael brown,mbrown@example.com,[project g project h project i],[customer d customer e customer f],michael is a friendly and outgoing person who enjoys spending time with his friends and family. he is passionate about sports and loves to play basketball and football. he also enjoys hiking and camping.,michael is a dedicated and hard-working employee who always meets his deadlines and delivers quality work. he gets along well with his colleagues and is always willing to lend a helping hand. he is also trusted and respected by his superiors.,michael is concerned about the lack of career growth opportunities within the company. he is also worried about the recent changes in management and how it may affect the company's direction.,michael enjoys staying active and loves to try new sports and activities. he is also a big foodie and loves to try out new restaurants and cuisines. he is always up for a challenge and is currently learning a new language.
7148,Vikram Singh,vikram.singh@companyname.com,"1. Development of a software for a government agency to manage their resources
	2. Implementation of a supply chain management system for a manufacturing company
	3. Design and development of a virtual reality training program for an automotive company","
	1. Indian Railways
	2. Hindustan Unilever Limited
	3. Maruti Suzuki India Limited
	"," Vikram is a dedicated and efficient employee who believes in maintaining a healthy work-life balance. He makes sure to take breaks and spend quality time with his family and friends. Vikram is also a fitness enthusiast and regularly goes to the gym to stay physically and mentally fit. He also enjoys playing sports, especially cricket, and is a member of the company's cricket team.
	", Vikram is a skilled and knowledgeable team leader who values open communication and collaboration. He is always willing to learn and takes on new challenges with enthusiasm. Vikram is also proactive in seeking out new learning opportunities and regularly attends training programs and workshops. He also believes in the importance of recognizing and appreciating the efforts of his team members.," Vikram's main concern is the increasing workload and pressure to meet tight deadlines. He believes in the importance of managing stress and often reminds his team to take breaks and prioritize their well-being. Vikram is also concerned about the lack of diversity in the IT industry and is actively working towards creating a more inclusive and diverse team.
	"," Vikram is passionate about technology and is always eager to learn about new advancements and innovations. He also enjoys reading books on personal finance and investing, which helps him to grow his knowledge in this area. In his free time, Vikram loves to spend time with his family and friends, trying out new restaurants and exploring different cuisines. He also loves to volunteer and give back to the community by participating in charity events. "
7467,,,,,,,,
7658,,,,,,,,
7758,justin brown,jbrown@example.com,[project qq project rr project ss],[customer nn customer oo customer pp],justin is a happy and easy-going person who enjoys spending time with his friends and family. he loves to watch movies and is a big fan of action and comedy genres. he also enjoys playing guitar and writing songs.,justin is a highly motivated and efficient employee who always delivers quality work. he has a good working relationship with his colleagues and is well-respected by his superiors. he is also known for his excellent time management skills and ability to prioritize tasks.,justin is concerned about the lack of communication and transparency within the company. he is also worried about the lack of work-life balance and how it may affect his personal life.,justin loves to travel and has a goal to visit all 50 states in the us. he is alreay visited 25 states.
7813,Anjali Desai,anjali.desai@example.com,"Project S,Project T,Project U","Customer S,Customer T,Customer U",Anjali Desai is a highly organized and efficient employee. She believes in maintaining a healthy work-life balance and often encourages her colleagues to take breaks and recharge.,Anjali Desai is a skilled and dedicated professional who is always willing to take on new challenges. She has a strong work ethic and is known for her attention to detail and ability to meet tight deadlines.,"Anjali Desai's main concern is the lack of recognition for her hard work and efforts. However, she remains motivated and continues to strive for excellence in her work.","In her free time, Anjali Desai enjoys painting, gardening and spending time with her family. She also has a passion for traveling and exploring new cultures and cuisines."
8162,john smith,johnsmith@company.com,project a project b project c,abc corporation xyz corporation def corporation,john is an enthusiastic and hardworking individual. he values work-life balance and makes sure to take breaks and engage in activities outside of work to maintain his mental and physical health. he is physically active and enjoys hiking and playing sports in his free time. john also loves spending time with his family and friends and makes sure to prioritize quality time with them. overall john's personal well-being is strong and he is able to effectively manage work and personal life.,in his role as a project manager john is highly organized and efficient. he excels at managing multiple projects and communicating with team members effectively. he is also open to feedback and constantly strives to improve his skills and knowledge. john is always willing to take on new challenges and embraces change in the workplace. his positive attitude and strong work ethic contribute to his overall professional well-being.,while john is generally satisfied with his role and responsibilities he does have some concerns about the current workload and tight deadlines. he believes that the team could benefit from additional resources to improve efficiency and productivity. john also values career growth and hopes to take on more leadership roles in the future.,john has a wide range of interests outside of work. he is an avid reader and enjoys both fiction and non-fiction books. he also loves cooking and trying out new recipes. john is passionate about environmental conservation and volunteers at local clean-up events. he also enjoys traveling and learning about different cultures and cuisines.
8249,sarah johnson,sjohnson@example.com,[project d project e project f],[customer a customer b customer c],sarah is a compassionate and caring person who values her relationships with her family and friends. she enjoys spending time with them and always makes time for them despite her busy schedule at work.,sarah is a hard-working and efficient employee who excels in her role. she is detail-oriented and always delivers high-quality work. she has a good working relationship with her colleagues and is highly appreciated by her superiors.,sarah is concerned about the increased workload due to the company's recent downsizing. she is also worried about the lack of work-life balance and its impact on her mental and physical health.,sarah is an avid reader and loves to explore different genres. she also enjoys practicing yoga and meditation to help her relax and de-stress. she is always up for trying new things and loves to travel.
8449,sarah johnson,sarahjohnson@company.com,project x project y project z,ghi corporation jkl corporation mno corporation,sarah is a highly organized and driven individual. she enjoys setting goals and working towards achieving them. she values her personal time and makes sure to prioritize self-care activities such as yoga meditation and journaling. sarah also enjoys exploring new hobbies and activities and believes that constantly learning and trying new things contribute to her overall well-being.,in her role as a business analyst sarah is detail-oriented and analytical. she is able to effectively gather and analyze data to make informed decisions and recommendations. sarah is also a strong communicator and collaborator and is able to work well with cross-functional teams. her contributions to projects are highly valued by her colleagues and superiors.,while sarah enjoys her current role she has expressed interest in exploring other departments and learning new skills. she believes that exposure to different areas of the company will not only enhance her professional growth but also bring value to her current role. sarah also hopes to receive more opportunities for training and development.,sarah is a creative individual and enjoys expressing herself through art. she attends pottery classes and enjoys painting in her free time. she is also passionate about animal welfare and volunteers at a local shelter. sarah enjoys traveling and learning about different cultures and hopes to continue exploring new destinations.
8841,Nisha Patel,nisha.patel@companyname.com,"1. Development of a mobile banking application for a financial institution
	2. Implementation of a learning management system for a corporate training company
	3. Design and development of a virtual reality experience for a real estate company","
	1. ICICI Bank
	2. FranklinCovey
	3. DLF
	"," Nisha is a dedicated and efficient employee who believes in maintaining a healthy work-life balance. She makes sure to take breaks and engage in activities that she enjoys outside of work. Nisha is a music lover and enjoys playing the guitar in her free time. She also loves to travel and explore new places, which helps her to relax and gain new perspectives."," Nisha is a skilled and knowledgeable team leader who is always open to learning and taking on new challenges. She believes in creating a positive and collaborative work environment and actively listens to her team members' ideas and concerns. Nisha also makes sure to recognize and appreciate the efforts of her team, which helps to keep them motivated and engaged.
	"," Nisha's main concern is the increasing workload and pressure to meet tight deadlines. She believes in the importance of managing stress and regularly reminds her team to take breaks and prioritize their well-being. Nisha is also concerned about the gender gap in the IT industry and is actively working towards creating a more diverse and inclusive workplace.
	"," Nisha is passionate about technology and is always eager to learn about new advancements and innovations. She also enjoys reading books on leadership and management to improve her skills as a team leader. In her free time, Nisha loves to cook and experiment with different cuisines. She also loves to volunteer and give back to the community by organizing events and initiatives."
9103,Priya Patel,priya.patel@example.com,"Project G,Project H,Project I","Customer G,Customer H,Customer I",Priya Patel is a highly organized and efficient employee. She believes in maintaining a healthy work-life balance and often encourages her colleagues to take breaks and recharge.,Priya Patel is a skilled and dedicated professional who is always willing to take on new challenges. She has a strong work ethic and is known for her attention to detail and ability to meet tight deadlines.,"Priya Patel's main concern is the lack of recognition for her hard work and efforts. However, she remains motivated and continues to strive for excellence in her work.","In her free time, Priya Patel enjoys painting, gardening and spending time with her family. She also has a passion for traveling and exploring new cultures and cuisines."
9103,Anjali Sharma,anjali.sharma@companyname.com,"1. Development of a website for a non-profit organization
	2. Implementation of a human resource management system for a consulting company
	3. Design and development of a virtual reality game for a gaming company","
	1. Teach For India
	2. Deloitte
	3. Ubisoft
	"," Anjali is a well-organized and disciplined employee who believes in the power of a healthy lifestyle. She makes sure to prioritize her physical and mental well-being by regularly exercising and practicing yoga. Anjali is also a nature lover and often goes for walks in the park to de-stress and clear her mind. She also enjoys reading and spending quality time with her family and friends.
	", Anjali is a dedicated and efficient employee who values teamwork and collaboration. She believes in creating a positive and inclusive work environment and actively listens to her team members' ideas and concerns. Anjali is also proactive in seeking out new learning opportunities and regularly attends training programs and seminars to upgrade her skills., Anjali's main concern is the increasing competition in the IT industry and the pressure to constantly deliver high-quality work. She believes in the importance of maintaining a work-life balance and often reminds her team members to take breaks and recharge themselves. Anjali is also concerned about the gender gap in the industry and is actively working towards creating a more diverse and inclusive workplace.," Anjali has a keen interest in technology and is always eager to learn about new advancements and innovations. She also enjoys reading books on leadership and management to improve her skills as a team leader. In her free time, Anjali loves to cook and experiment with different cuisines. She also loves to volunteer and give back to the community by participating in charity events. "
9108,Rohan Mehta,rohan.mehta@example.com,"Project KK,Project LL,Project MM","Customer KK,Customer LL,Customer MM",Rohan Mehta is a highly organized and efficient employee. He believes in maintaining a healthy work-life balance and often encourages his colleagues to take breaks and recharge.,"Rohan Mehta is a skilled professional and has a good eye for details and has proven to be
	a good leader. With good communication skills and leadership skills, he is sure to take on more responsibilities",,Rohan is a health freak and regularly goes to the gym. He is also a nature lover and every year he is out on some trekking and camping tour
9130,maria gomez,mgomez@example.com,[project v project w project x],[customer s customer t customer u],maria is a caring and compassionate person who values her relationships with her family and friends. she enjoys spending time with them and often hosts family gatherings. she also loves to dance and takes dance classes in her free time.,maria is a dedicated and efficient employee who always delivers high-quality work. she has a good working relationship with her colleagues and is well-respected by her superiors. she is also known to be a problem-solver and is often sought after for her expertise.,maria is concerned about the company's recent financial struggles and how it may affect her job security. she is also worried about the increased workload and its impact on her mental and physical health.,maria enjoys trying out new recipes and loves to cook for her friends and family. she also enjoys traveling and has a goal to visit at least one new country every year. she is also interested in interior design and is always looking for ways to redecorate her home.
9297,ryan nguyen,rnguyen@example.com,[project kk project ll project mm],[customer hh customer ii customer jj],ryan is a friendly and outgoing person who enjoys socializing with his friends and family. he loves to play sports and often organizes games with his friends. he is also passionate about cooking and trying out new recipes.,ryan is a hard-working and efficient employee who always puts his best foot forward. he has a good rapport with his colleagues and is well-respected by his superiors. he is also known for his problem-solving skills and often comes up with innovative solutions.,ryan is concerned about the lack of recognition and rewards for employees who go above and beyond in their work. he is also worried about the long hours and the impact it has on his personal life.,ryan enjoys reading and is a fan of sci-fi and fantasy novels. he also loves to travel and has a goal to visit all 7 continents. he is interested in personal development and is always looking for ways to improve himself.
9492,Rohit Gupta,rohit.gupta@companyname.com,"1. Development of a software for a government agency to streamline their processes
	2. Implementation of a cloud-based solution for a financial services company
	3. Design and development of a virtual reality training program for a manufacturing company","
	1. Income Tax Department
	2. HDFC Bank
	3. Tata Motors
	"," Rohit is a well-organized and disciplined employee who believes in the power of a healthy lifestyle. He makes sure to prioritize his physical and mental well-being by regularly exercising and practicing meditation. Rohit is also a nature lover and often goes on hikes and nature walks to rejuvenate himself. He also enjoys playing sports and is a member of the company's cricket team.
	", Rohit is a dedicated and efficient employee who is always open to learning and taking on new challenges. He believes in constantly upgrading his skills and regularly attends training programs and workshops. Rohit is also a great mentor to his team and ensures that they are motivated and supported to perform their best. He also values open communication and encourages his team members to share their ideas and concerns.," Rohit is concerned about the increasing competition in the IT industry and the pressure to constantly deliver high-quality work. He believes in the importance of maintaining a work-life balance and often reminds his team to take breaks and recharge themselves. He also believes in the importance of recognizing and appreciating the efforts of his team members to keep them motivated.
	"," Rohit has a keen interest in technology and is always eager to learn about new advancements and innovations. He also enjoys reading about finance and investing and is always looking for ways to grow his knowledge in this area. In his free time, Rohit loves to spend time with his family and friends, trying out new restaurants and exploring different cuisines. He also loves to travel and has a goal of visiting at least one new country every year. "
9498,,,,,,,,
9534,Tanvi Shah,tanvi.shah@itcompany.in,"- Developing a mobile application for a healthcare startup
	- Implementing a cloud-based solution for a financial services company
	- Building an e-commerce platform for a retail chain"," 
	- MedGen Healthcare
	- HDFC Securities
	- Lifestyle Stores
	", Tanvi is a dedicated and hardworking employee who always strives for perfection in her work. She believes in maintaining a healthy work-life balance and makes time for her family and friends. Tanvi enjoys practicing yoga and meditation to stay physically and mentally fit. She is also a travel enthusiast and loves to explore new places and cultures. Tanvi is known for her positive attitude and willingness to help her colleagues in any way she can.," Tanvi has been with our company for 6 years and has grown tremendously in her role. She is a skilled programmer with a strong understanding of various programming languages. Tanvi is also a quick learner and adapts well to new technologies and tools. She is a great team player and is always willing to share her knowledge and expertise with her colleagues. Tanvi is a good team player.
	",,
9569,Vikram Singh,vikram.singh@company.com,"Project G,Project H,Project I","Customer G,Customer H,Customer I",Vikram is a dedicated and hardworking employee. He is always willing to take on challenging projects and has a strong work ethic. He believes in maintaining a healthy work-life balance and makes sure to spend quality time with his family and friends. He also practices yoga and meditation to stay physically and mentally fit.,Vikram is a highly skilled and experienced professional. He has a deep understanding of various technologies and is always eager to learn new skills. He is a great mentor to his colleagues and is always willing to help them with any challenges they may face. He also has excellent time management skills and is able to deliver projects within tight deadlines.,"Vikram sometimes feels burnt out and overwhelmed with the constant demands of his job. He often sacrifices his personal time to meet project deadlines, which affects his personal life. He also faces challenges in managing conflicts within his team. However, he believes in open communication and is working on finding a balance between his personal and professional life.",Vikram is a music lover and enjoys playing the guitar in his free time. He also loves to travel and explore new places. He is a foodie and enjoys trying out different cuisines. He is also passionate about social causes and actively volunteers for NGOs that work towards education and healthcare for underprivileged children.
9643,Sneha Sharma,sneha.sharma@companyname.com,"1. Development of a mobile application for a food delivery company
	2. Implementation of a customer relationship management system for a retail company
	3. Design and development of a virtual reality experience for a theme park","
	1. Zomato
	2. Lifestyle Stores
	3. Imagica
	"," Sneha is a highly motivated and efficient employee who believes in the importance of self-care. She makes sure to take breaks and engage in activities that help her to relax and recharge. Sneha is an avid dancer and often attends dance classes to de-stress and express her creativity. She also loves to travel and explore new places, which helps her to gain new perspectives and ideas.
	", Sneha is a skilled and knowledgeable team leader who is always open to learning and taking on new challenges. She believes in creating a positive and collaborative work environment and encourages her team members to voice their ideas and concerns. Sneha also regularly attends workshops and seminars to upgrade her skills and knowledge in the IT industry., Sneha's main concern is the increasing workload and pressure to meet tight deadlines. She believes in the importance of maintaining a healthy work-life balance and often reminds her team members to take breaks and recharge themselves. Sneha is also concerned about the lack of work-life balance in the industry and is working towards creating a more flexible and inclusive work environment.," Sneha is passionate about technology and is always eager to learn about new advancements and innovations. She also enjoys reading books on leadership and management to improve her skills as a team leader. In her free time, Sneha loves to cook and experiment with different cuisines. She also loves to volunteer and give back to the community by participating in charity events. "
9649,david kim,dkim@example.com,[project y project z project aa],[customer v customer w customer x],david is a friendly and outgoing person who loves to socialize with his friends and family. he is also passionate about sports and enjoys playing basketball and baseball. he is also an animal lover and has a pet dog.,david is a hard-working and dedicated employee who always strives for excellence. he has a good rapport with his colleagues and is well-liked by his superiors. he is also always willing to take on new challenges and projects.,david is concerned about the lack of recognition and rewards for employees who go above and beyond in their work. he is also worried about the company's lack of diversity and inclusivity and hopes to see changes being made in this area.,david enjoys watching movies and is a big fan of the marvel cinematic universe. he also loves to travel and explore new places. he is interested in personal development and is always reading self-help books to improve himself.
9653,john smith,johnsmith@example.com,[project a project b project c],[xyz corporation abc industries 123 corporation],john has been feeling physically and mentally healthy. he has been taking care of himself by eating a balanced diet and exercising regularly. he also likes to spend time with his family and friends which helps him to relax and recharge.,john is satisfied with his work and feels motivated to take on new challenges. he enjoys working with his team and believes in open communication and collaboration. he feels supported by his superiors and values their guidance and feedback.,john's main concern is the tight deadlines for the current projects. he feels that it is putting a lot of pressure on the team and might affect the quality of their work. he also has some concerns about the budget allocation for the upcoming projects.,john is interested in outdoor activities like hiking and camping. he also enjoys playing sports such as basketball and golf. in his free time he likes to read books and watch movies. he is also passionate about volunteering and actively participates in various community service activities.
10403,,,,,,,,
10524,john doe,john.doe@company.com,[project d project e project f],[customer m customer n customer o],john is a highly motivated individual who takes his personal well-being very seriously. he understands the importance of maintaining a healthy work-life balance and makes sure to prioritize his mental and physical health. john follows a strict workout routine and enjoys various outdoor activities such as running and hiking. he also values quality time with his loved ones and makes an effort to keep in touch with his family and friends.,professionally john is a goal-oriented and driven employee who consistently exceeds expectations. he is always seeking ways to improve and is not afraid to take on challenges. john enjoys working in a fast-paced environment and thrives under pressure. he is also a strong communicator and is able to effectively communicate his ideas to his team. john is constantly setting new goals for himself and is never satisfied with mediocrity.,one of john's biggest professional concerns is making sure he is continuously challenged and learning. he worries that if he gets too comfortable with his work he may become complacent and stop growing professionally. john also struggles with work-related stress and at times has difficulty disconnecting from work even after office hours. he is also concerned about receiving constructive feedback and is constantly working on being more open to criticism.,john is a curious and adventurous person who loves trying out new things. he enjoys travelling to new places and experiencing different cultures. in his free time john also likes to experiment with photography and takes his camera on all his travels. he is also an avid music lover and enjoys attending concerts and music festivals. john also has a keen interest in technology and is always up-to-date on the latest gadgets and innovations in the industry.
10651,elizabeth wang,ewang@example.com,[project bb project cc project dd],[customer y customer z customer aa],elizabeth is a kind and caring person who values her relationships with her family and friends. she enjoys spending time with them and often plans outings and trips together. she also loves to bake and often brings treats for her colleagues.,elizabeth is a highly organized and efficient employee who always delivers quality work. she is well-liked by her colleagues and has a good working relationship with her superiors. she is also always willing to help her team members when needed.,elizabeth is concerned about the recent changes in management and how it may affect the company's culture. she is also worried about the lack of work-life balance and its impact on her well-being.,elizabeth is an avid reader and enjoys discussing books with her book club. she also loves to travel and has a goal to visit all seven continents. she is interested in sustainable living and is always looking for ways to reduce her carbon footprint.
